[
  { "soil_id": 1, "name": "Groundnut" },
  { "soil_id": 1, "name": "Ragi" },
  { "soil_id": 1, "name": "Sorghum" },
  { "soil_id": 1, "name": "Pearl millet" },
  { "soil_id": 1, "name": "Cotton" },
  { "soil_id": 1, "name": "Tobacco" },

  { "soil_id": 2, "name": "Cotton" },
  { "soil_id": 2, "name": "Wheat" },
  { "soil_id": 2, "name": "Chickpea" },
  { "soil_id": 2, "name": "Sorghum" },
  { "soil_id": 2, "name": "Groundnut" },

  { "soil_id": 3, "name": "Rice" },
  { "soil_id": 3, "name": "Wheat" },
  { "soil_id": 3, "name": "Sugarcane" },
  { "soil_id": 3, "name": "Banana" },
  { "soil_id": 3, "name": "Tobacco" },

  { "soil_id": 4, "name": "Tea" },
  { "soil_id": 4, "name": "Coffee" },
  { "soil_id": 4, "name": "Cashew" },
  { "soil_id": 4, "name": "Coconut" },
  { "soil_id": 4, "name": "Tapioca" },

  { "soil_id": 5, "name": "Wheat" },
  { "soil_id": 5, "name": "Rice" },
  { "soil_id": 5, "name": "Sugarcane" },
  { "soil_id": 5, "name": "Maize" },
  { "soil_id": 5, "name": "Vegetables" },
  { "soil_id": 5, "name": "Tobacco" },

  { "soil_id": 6, "name": "Groundnut" },
  { "soil_id": 6, "name": "Millets" },
  { "soil_id": 6, "name": "Maize" },
  { "soil_id": 6, "name": "Cotton" },
  { "soil_id": 6, "name": "Sunflower" },
  { "soil_id": 6, "name": "Tobacco" },

  { "soil_id": 7, "name": "Rice" },
  { "soil_id": 7, "name": "Wheat" },
  { "soil_id": 7, "name": "Sugarcane" },
  { "soil_id": 7, "name": "Cotton" },
  { "soil_id": 7, "name": "Pulses" },

  { "soil_id": 8, "name": "Rice" },
  { "soil_id": 8, "name": "Jute" },
  { "soil_id": 8, "name": "Sugarcane" },
  { "soil_id": 8, "name": "Vegetables" },

  { "soil_id": 9, "name": "Barley" },
  { "soil_id": 9, "name": "Cotton" },
  { "soil_id": 9, "name": "Rice" },
  { "soil_id": 9, "name": "Sugar beet" },
  { "soil_id": 9, "name": "Mustard" },

  { "soil_id": 10, "name": "Barley" },
  { "soil_id": 10, "name": "Cotton" },
  { "soil_id": 10, "name": "Wheat" },
  { "soil_id": 10, "name": "Rice" },
  { "soil_id": 10, "name": "Sugarcane" },

  { "soil_id": 11, "name": "Tea" },
  { "soil_id": 11, "name": "Coffee" },
  { "soil_id": 11, "name": "Spices" },
  { "soil_id": 11, "name": "Fruits" },
  { "soil_id": 11, "name": "Ginger" },
  { "soil_id": 11, "name": "Turmeric" },
  { "soil_id": 11, "name": "Pineapple" },

  { "soil_id": 12, "name": "Tea" },
  { "soil_id": 12, "name": "Coffee" },
  { "soil_id": 12, "name": "Apple" },
  { "soil_id": 12, "name": "Maize" },
  { "soil_id": 12, "name": "Barley" },
  { "soil_id": 12, "name": "Potato" },
  { "soil_id": 12, "name": "Wheat" },
  { "soil_id": 12, "name": "Orange" },

  { "soil_id": 13, "name": "Pearl millet" },
  { "soil_id": 13, "name": "Sorghum" },
  { "soil_id": 13, "name": "Barley" },
  { "soil_id": 13, "name": "Chickpea" },
  { "soil_id": 13, "name": "Cluster bean" },

  { "soil_id": 14, "name": "Rice" },
  { "soil_id": 14, "name": "Jute" },
  { "soil_id": 14, "name": "Sugarcane" },
  { "soil_id": 14, "name": "Water chestnut" },
  { "soil_id": 14, "name": "Lotus" },

  { "soil_id": 15, "name": "Barley" },
  { "soil_id": 15, "name": "Wheat" },
  { "soil_id": 15, "name": "Mustard" },
  { "soil_id": 15, "name": "Potato" },
  { "soil_id": 15, "name": "Oats" },
  { "soil_id": 15, "name": "Peas" },
  { "soil_id": 15, "name": "Grape" }
]
