[
  { "crop": "Groundnut", "sowing_method": "Line sowing", "crop_period": "110 days", "fertilizer": "DAP + Gypsum", "water_level": "Medium", "harvest_time": "110 days" },
  { "crop": "Ragi", "sowing_method": "Broadcasting", "crop_period": "90 days", "fertilizer": "FYM + Urea", "water_level": "Low", "harvest_time": "90 days" },
  { "crop": "Sorghum", "sowing_method": "Line sowing", "crop_period": "100 days", "fertilizer": "Urea + Potash", "water_level": "Low", "harvest_time": "100 days" },
  { "crop": "Pearl millet", "sowing_method": "Drilling", "crop_period": "85 days", "fertilizer": "FYM + Urea", "water_level": "Low", "harvest_time": "85 days" },
  { "crop": "Cotton", "sowing_method": "Seed dibbling", "crop_period": "160 days", "fertilizer": "NPK", "water_level": "Medium", "harvest_time": "160 days" },
  { "crop": "Wheat", "sowing_method": "Drilling", "crop_period": "120 days", "fertilizer": "Urea + DAP", "water_level": "Medium", "harvest_time": "120 days" },
  { "crop": "Chickpea", "sowing_method": "Line sowing", "crop_period": "100 days", "fertilizer": "DAP", "water_level": "Low", "harvest_time": "100 days" },
  { "crop": "Rice", "sowing_method": "Transplanting", "crop_period": "120 days", "fertilizer": "Urea + DAP", "water_level": "High", "harvest_time": "120 days" },
  { "crop": "Sugarcane", "sowing_method": "Setts planting", "crop_period": "360 days", "fertilizer": "NPK", "water_level": "High", "harvest_time": "12 months" },
  { "crop": "Banana", "sowing_method": "Suckers", "crop_period": "11 months", "fertilizer": "Organic manure", "water_level": "High", "harvest_time": "11 months" },
  { "crop": "Tea", "sowing_method": "Saplings", "crop_period": "3 years", "fertilizer": "Organic compost", "water_level": "Medium", "harvest_time": "Continuous" },
  { "crop": "Coffee", "sowing_method": "Seedlings", "crop_period": "3 years", "fertilizer": "FYM + NPK", "water_level": "Medium", "harvest_time": "Seasonal" },
  { "crop": "Cashew", "sowing_method": "Grafting", "crop_period": "3 years", "fertilizer": "Organic manure", "water_level": "Low", "harvest_time": "Seasonal" },
  { "crop": "Coconut", "sowing_method": "Seedlings", "crop_period": "5 years", "fertilizer": "FYM + Potash", "water_level": "Medium", "harvest_time": "Year round" },
  { "crop": "Tapioca", "sowing_method": "Stem cuttings", "crop_period": "9 months", "fertilizer": "Organic manure", "water_level": "Medium", "harvest_time": "9 months" },
  { "crop": "Maize", "sowing_method": "Line sowing", "crop_period": "100 days", "fertilizer": "Urea + DAP", "water_level": "Medium", "harvest_time": "100 days" },
  { "crop": "Vegetables", "sowing_method": "Direct sowing", "crop_period": "60 days", "fertilizer": "Organic manure", "water_level": "Medium", "harvest_time": "60 days" },
  { "crop": "Millets", "sowing_method": "Broadcasting", "crop_period": "85 days", "fertilizer": "FYM", "water_level": "Low", "harvest_time": "85 days" },
  { "crop": "Sunflower", "sowing_method": "Dibbling", "crop_period": "95 days", "fertilizer": "Urea + Potash", "water_level": "Low", "harvest_time": "95 days" },
  { "crop": "Pulses", "sowing_method": "Line sowing", "crop_period": "90 days", "fertilizer": "DAP", "water_level": "Low", "harvest_time": "90 days" },
  { "crop": "Jute", "sowing_method": "Broadcasting", "crop_period": "120 days", "fertilizer": "Urea", "water_level": "High", "harvest_time": "120 days" },
  { "crop": "Barley", "sowing_method": "Drilling", "crop_period": "110 days", "fertilizer": "Urea", "water_level": "Low", "harvest_time": "110 days" },
  { "crop": "Sugar beet", "sowing_method": "Direct sowing", "crop_period": "150 days", "fertilizer": "NPK", "water_level": "Medium", "harvest_time": "150 days" },
  { "crop": "Mustard", "sowing_method": "Broadcasting", "crop_period": "90 days", "fertilizer": "DAP", "water_level": "Low", "harvest_time": "90 days" },
  { "crop": "Spices", "sowing_method": "Seedlings", "crop_period": "Varies", "fertilizer": "Organic manure", "water_level": "Medium", "harvest_time": "Varies" },
  { "crop": "Fruits", "sowing_method": "Saplings", "crop_period": "2 years", "fertilizer": "Organic manure", "water_level": "Medium", "harvest_time": "Seasonal" },
  { "crop": "Ginger", "sowing_method": "Rhizomes", "crop_period": "8 months", "fertilizer": "FYM", "water_level": "Medium", "harvest_time": "8 months" },
  { "crop": "Turmeric", "sowing_method": "Rhizomes", "crop_period": "9 months", "fertilizer": "FYM", "water_level": "Medium", "harvest_time": "9 months" },
  { "crop": "Pineapple", "sowing_method": "Crowns", "crop_period": "18 months", "fertilizer": "Organic manure", "water_level": "Medium", "harvest_time": "18 months" },
  { "crop": "Apple", "sowing_method": "Grafting", "crop_period": "4 years", "fertilizer": "Organic manure", "water_level": "Medium", "harvest_time": "Seasonal" },
  { "crop": "Potato", "sowing_method": "Tubers", "crop_period": "90 days", "fertilizer": "NPK", "water_level": "Medium", "harvest_time": "90 days" },
  { "crop": "Orange", "sowing_method": "Saplings", "crop_period": "3 years", "fertilizer": "Organic manure", "water_level": "Medium", "harvest_time": "Seasonal" },
  { "crop": "Cluster bean", "sowing_method": "Direct sowing", "crop_period": "90 days", "fertilizer": "FYM", "water_level": "Low", "harvest_time": "90 days" },
  { "crop": "Water chestnut", "sowing_method": "Seedlings", "crop_period": "160 days", "fertilizer": "Organic manure", "water_level": "High", "harvest_time": "160 days" },
  { "crop": "Lotus", "sowing_method": "Rhizomes", "crop_period": "150 days", "fertilizer": "Organic manure", "water_level": "High", "harvest_time": "150 days" },
  { "crop": "Oats", "sowing_method": "Drilling", "crop_period": "110 days", "fertilizer": "Urea", "water_level": "Low", "harvest_time": "110 days" },
  { "crop": "Peas", "sowing_method": "Line sowing", "crop_period": "90 days", "fertilizer": "DAP", "water_level": "Medium", "harvest_time": "90 days" },
  { "crop": "Grape", "sowing_method": "Cuttings", "crop_period": "2 years", "fertilizer": "Organic manure", "water_level": "Medium", "harvest_time": "Seasonal" },
  {
  "crop": "Tobacco",
  "sowing_method": "Nursery raising and transplanting",
  "crop_period": "150–180 days",
  "fertilizer": "FYM + NPK",
  "water_level": "Medium",
  "harvest_time": "5–6 months"
}


]
