[
  {
    "id": 1,
    "name": "Red Soil",
    "characteristics": "Rich in iron, well drained"
  },
  {
    "id": 2,
    "name": "Black Soil",
    "characteristics": "High moisture retention"
  },
  {
    "id": 3,
    "name": "Alluvial Soil",
    "characteristics": "Very fertile river soil"
  },
  {
    "id": 4,
    "name": "Laterite Soil",
    "characteristics": "Low fertility soil"
  },
  {
    "id": 5,
    "name": "Loamy Soil",
    "characteristics": "Best agricultural soil"
  },
  {
    "id": 6,
    "name": "Sandy Soil",
    "characteristics": "Low nutrients, quick drainage"
  },
  {
    "id": 7,
    "name": "Clay Soil",
    "characteristics": "High water holding capacity"
  },
  {
    "id": 8,
    "name": "Peaty Soil",
    "characteristics": "High organic matter"
  },
  {
    "id": 9,
    "name": "Saline Soil",
    "characteristics": "High salt content"
  },
  {
    "id": 10,
    "name": "Alkaline Soil",
    "characteristics": "High pH soil"
  },
  {
    "id": 11,
    "name": "Forest Soil",
    "characteristics": "Rich in humus"
  },
  {
    "id": 12,
    "name": "Mountain Soil",
    "characteristics": "Thin soil in cold regions"
  },
  {
    "id": 13,
    "name": "Desert Soil",
    "characteristics": "Dry sandy soil"
  },
  {
    "id": 14,
    "name": "Marshy Soil",
    "characteristics": "Waterlogged soil"
  },
  {
    "id": 15,
    "name": "Chalky Soil",
    "characteristics": "Calcium rich soil"
  }
]
